<?xml version="1.0" encoding="UTF-8"?>
<!DOCTYPE mapper PUBLIC "-//mybatis.org//DTD Mapper 3.0//EN" "http://mybatis.org/dtd/mybatis-3-mapper.dtd">
<mapper namespace="com.bkgtsoft.alu.mapper.EqptMatingMapper">

    <!-- 开启二级缓存 -->
    <cache type="org.mybatis.caches.ehcache.LoggingEhcache"/>

    <!-- 通用查询映射结果 -->
    <resultMap id="BaseResultMap" type="com.bkgtsoft.alu.entity.EqptMating">
        <id column="id" property="id" />
        <result column="equip_id" property="equipId" />
        <result column="mating_name" property="matingName" />
        <result column="mating_count" property="matingCount" />
        <result column="remark" property="remark" />
        <result column="create_time" property="createTime" />
        <result column="update_time" property="updateTime" />
    </resultMap>

    <!-- 通用查询结果列 -->
    <sql id="Base_Column_List">
        id, equip_id, mating_name, mating_count, remark, create_time, update_time
    </sql>

</mapper>
