<?xml version="1.0" encoding="UTF-8"?>
<!DOCTYPE mapper PUBLIC "-//mybatis.org//DTD Mapper 3.0//EN" "http://mybatis.org/dtd/mybatis-3-mapper.dtd">
<mapper namespace="com.bkgtsoft.spd.web.mapper.ReceiveBackMapper">

    <!-- 开启二级缓存 -->
    <cache type="org.mybatis.caches.ehcache.LoggingEhcache"/>

    <!-- 通用查询映射结果 -->
    <resultMap id="BaseResultMap" type="com.bkgtsoft.spd.web.entity.ReceiveBack">
        <id column="id" property="id" />
        <result column="material_out_detail_id" property="materialOutDetailId" />
        <result column="bar_code_detail" property="barCodeDetail" />
        <result column="receive_date" property="receiveDate" />
        <result column="back_date" property="backDate" />
        <result column="receive_username" property="receiveUsername" />
        <result column="receive_id" property="receiveId" />
        <result column="office_id" property="officeId" />
        <result column="office_name" property="officeName" />
        <result column="warehouse_out_id" property="warehouseOutId" />
        <result column="warehouse_out_name" property="warehouseOutName" />
        <result column="status" property="status" />
        <result column="create_time" property="createTime" />
        <result column="update_time" property="updateTime" />
    </resultMap>

    <!-- 通用查询结果列 -->
    <sql id="Base_Column_List">
        id, material_out_detail_id, bar_code_detail, receive_date, back_date, receive_username, receive_id, office_id, office_name, warehouse_out_id, warehouse_out_name, status, create_time, update_time
    </sql>

</mapper>
