<?xml version="1.0" encoding="UTF-8"?>
<!DOCTYPE mapper PUBLIC "-//mybatis.org//DTD Mapper 3.0//EN" "http://mybatis.org/dtd/mybatis-3-mapper.dtd">
<mapper namespace="com.bkgtsoft.spd.web.mapper.SysMenuMapper">

    <!-- 开启二级缓存 -->
    <cache type="org.mybatis.caches.ehcache.LoggingEhcache"/>

    <!-- 通用查询映射结果 -->
    <resultMap id="BaseResultMap" type="com.bkgtsoft.spd.web.entity.SysMenu">
    <result column="id" property="id" />
    <result column="gmt_modified" property="gmtModified" />
    <result column="gmt_create" property="gmtCreate" />
        <result column="menu_id" property="menuId" />
        <result column="menu_name" property="menuName" />
        <result column="parent_id" property="parentId" />
        <result column="path" property="path" />
        <result column="menu_type" property="menuType" />
        <result column="hidden" property="hidden" />
        <result column="sort" property="sort" />
        <result column="keyword" property="keyword" />
        <result column="icon" property="icon" />
    </resultMap>

    <!-- 通用查询结果列 -->
    <sql id="Base_Column_List">
        id,
        gmt_modified,
        gmt_create,
        menu_id, menu_name, parent_id, path, menu_type, hidden, sort, keyword, icon
    </sql>

</mapper>
