<?xml version="1.0" encoding="UTF-8"?>
<!DOCTYPE mapper PUBLIC "-//mybatis.org//DTD Mapper 3.0//EN" "http://mybatis.org/dtd/mybatis-3-mapper.dtd">
<mapper namespace="com.bkgtsoft.spd.web.mapper.SysRoleMapper">

    <!-- 开启二级缓存 -->
    <cache type="org.mybatis.caches.ehcache.LoggingEhcache"/>

    <!-- 通用查询映射结果 -->
    <resultMap id="BaseResultMap" type="com.bkgtsoft.spd.web.entity.SysRole">
    <result column="id" property="id" />
    <result column="gmt_create" property="gmtCreate" />
    <result column="gmt_modified" property="gmtModified" />
        <result column="role_id" property="roleId" />
        <result column="role_name" property="roleName" />
        <result column="role_desc" property="roleDesc" />
        <result column="create_by" property="createBy" />
        <result column="update_by" property="updateBy" />
    </resultMap>

    <!-- 通用查询结果列 -->
    <sql id="Base_Column_List">
        id,
        gmt_create,
        gmt_modified,
        role_id, role_name, role_desc, create_by, update_by
    </sql>

</mapper>
