<?xml version="1.0" encoding="UTF-8"?>
<!DOCTYPE mapper PUBLIC "-//mybatis.org//DTD Mapper 3.0//EN" "http://mybatis.org/dtd/mybatis-3-mapper.dtd">
<mapper namespace="com.bkgtsoft.spd.web.mapper.SysUserMapper">

    <!-- 开启二级缓存 -->
    <cache type="org.mybatis.caches.ehcache.LoggingEhcache"/>

    <!-- 通用查询映射结果 -->
    <resultMap id="BaseResultMap" type="com.bkgtsoft.spd.web.entity.SysUser">
    <result column="id" property="id" />
    <result column="gmt_create" property="gmtCreate" />
    <result column="gmt_modified" property="gmtModified" />
        <result column="username" property="username" />
        <result column="password" property="password" />
        <result column="user_code" property="userCode" />
        <result column="nickname" property="nickname" />
        <result column="head_img_url" property="headImgUrl" />
        <result column="mobile" property="mobile" />
        <result column="enabled" property="enabled" />
        <result column="create_by" property="createBy" />
        <result column="modified_by" property="modifiedBy" />
    </resultMap>

    <!-- 通用查询结果列 -->
    <sql id="Base_Column_List">
        id,
        gmt_create,
        gmt_modified,
        username, password, user_code, nickname, head_img_url, mobile, enabled, create_by, modified_by
    </sql>

</mapper>
