<?xml version="1.0" encoding="UTF-8"?>
<!DOCTYPE mapper PUBLIC "-//mybatis.org//DTD Mapper 3.0//EN" "http://mybatis.org/dtd/mybatis-3-mapper.dtd">
<mapper namespace="com.jm.crm.admin.dao.UserMapper">

    <resultMap id="BaseResultMap" type="com.jm.crm.admin.entity.User">
        <id column="id" jdbcType="BIGINT" property="id" />
        <result column="username" jdbcType="VARCHAR" property="username" />
        <result column="password" jdbcType="VARCHAR" property="password" />
    </resultMap>


    <insert id="save" parameterType="com.jm.crm.admin.entity.User">
        insert into user (username, password
        )
        values (#{username,jdbcType=VARCHAR}, #{password,jdbcType=VARCHAR}
        )
    </insert>



    <select id="getListUser" resultType="com.jm.crm.admin.entity.User" parameterType="String">
        select id,username,password from USER where username = #{username}  and password = #{password}
    </select>
</mapper>