<?xml version="1.0" encoding="UTF-8"?>
<!DOCTYPE generatorConfiguration
        PUBLIC "-//mybatis.org//DTD MyBatis Generator Configuration 1.0//EN"
        "http://mybatis.org/dtd/mybatis-generator-config_1_0.dtd">
<generatorConfiguration>
    <classPathEntry location="D:/mvn_repository/mysql/mysql-connector-java/5.1.39/mysql-connector-java-5.1.39.jar"/>

    <context id="b2b_5.order" targetRuntime="MyBatis3">
        <plugin type="org.mybatis.generator.plugins.MapperAnnotationPlugin" />
        <plugin type="org.mybatis.generator.plugins.SerializablePlugin" />

        <jdbcConnection driverClass="com.mysql.jdbc.Driver"
                        connectionURL="jdbc:mysql://localhost:3306/b2b_5?autoReconnect=true&amp;useUnicode=true&amp;characterEncoding=utf-8&amp;zeroDateTimeBehavior=convertToNull&amp;useSSL=false"
                        userId="root"
                        password="Root.123" />

        <javaTypeResolver>
            <property name="forceBigDecimals" value="false" />
        </javaTypeResolver>

        <javaModelGenerator targetPackage="com.jzt.b2b.order.model"
                            targetProject="src/main/java">
            <property name="enableSubPackages" value="true" />
        </javaModelGenerator>

       <sqlMapGenerator targetPackage="com.jzt.b2b.order.dao.conf"
                         targetProject="src/main/java">
            <property name="enableSubPackages" value="true" />
        </sqlMapGenerator>

        <javaClientGenerator targetPackage="com.jzt.b2b.order.dao"
                             targetProject="src/main/java"
                             type="XMLMAPPER">
            <property name="enableSubPackages" value="true" />
            <property name="methodNameCalculator" value="extended" />
        </javaClientGenerator>

        <table tableName="tb_order_main" domainObjectName="OrderMain"
               selectByExampleQueryId="false">
            <generatedKey column="order_id" sqlStatement="MySql" identity="TRUE" />
        </table>
    </context>

    <!--
    <context id="b2b_5.basic" targetRuntime="MyBatis3">
        <plugin type="org.mybatis.generator.plugins.MapperAnnotationPlugin" />
        <plugin type="org.mybatis.generator.plugins.SerializablePlugin" />

        <jdbcConnection driverClass="com.mysql.jdbc.Driver"
                        connectionURL="jdbc:mysql://localhost:3307/b2b_5?autoReconnect=true&amp;useUnicode=true&amp;characterEncoding=utf-8&amp;zeroDateTimeBehavior=convertToNull&amp;useSSL=false"
                        userId="root"
                        password="Root.123" />

        <javaTypeResolver>
            <property name="forceBigDecimals" value="false" />
        </javaTypeResolver>

        <javaModelGenerator targetPackage="com.jzt.b2b.basic2.model"
                            targetProject="../b2b-crm-contract/src/main/java">
            <property name="enableSubPackages" value="true" />
        </javaModelGenerator>

        <sqlMapGenerator targetPackage="com.jzt.b2b.basic2.dao.conf"
                         targetProject="src/main/java">
            <property name="enableSubPackages" value="true" />
        </sqlMapGenerator>

        <javaClientGenerator targetPackage="com.jzt.b2b.basic2.dao"
                             targetProject="src/main/java"
                             type="XMLMAPPER">
            <property name="enableSubPackages" value="true" />
            <property name="methodNameCalculator" value="extended" />
        </javaClientGenerator>

        <table tableName="tb_basic_biz" domainObjectName="Biz"
               selectByExampleQueryId="false">
            <ignoreColumn column="update_at"/>
            <ignoreColumn column="create_at"/>
        </table>

        <table tableName="tb_basic_branch" domainObjectName="Branch"
               selectByExampleQueryId="false">
            <ignoreColumn column="update_at"/>
            <ignoreColumn column="create_at"/>
        </table>

        <table tableName="tb_basic_site" domainObjectName="Site"
               selectByExampleQueryId="false">
            <ignoreColumn column="update_at"/>
            <ignoreColumn column="create_at"/>
        </table>
    </context>


    <context id="b2b_5.cust" targetRuntime="MyBatis3">
        <plugin type="org.mybatis.generator.plugins.MapperAnnotationPlugin" />
        <plugin type="org.mybatis.generator.plugins.SerializablePlugin" />

        <jdbcConnection driverClass="com.mysql.jdbc.Driver"
                        connectionURL="jdbc:mysql://localhost:3307/b2b_5?autoReconnect=true&amp;useUnicode=true&amp;characterEncoding=utf-8&amp;zeroDateTimeBehavior=convertToNull&amp;useSSL=false"
                        userId="root"
                        password="Root.123" />

        <javaTypeResolver>
            <property name="forceBigDecimals" value="false" />
        </javaTypeResolver>

        <javaModelGenerator targetPackage="com.jzt.b2b.cust2.model"
                            targetProject="../b2b-crm-contract/src/main/java">
            <property name="enableSubPackages" value="true" />
        </javaModelGenerator>

        <sqlMapGenerator targetPackage="com.jzt.b2b.cust2.dao.conf"
                         targetProject="src/main/java">
            <property name="enableSubPackages" value="true" />
        </sqlMapGenerator>

        <javaClientGenerator targetPackage="com.jzt.b2b.cust2.dao"
                             targetProject="src/main/java"
                             type="XMLMAPPER">
            <property name="enableSubPackages" value="true" />
            <property name="methodNameCalculator" value="extended" />
        </javaClientGenerator>

        <table tableName="tb_cust_main" domainObjectName="Cust"
               selectByExampleQueryId="false">
            <generatedKey column="cust_id" sqlStatement="MySql" identity="true" />
            <ignoreColumn column="update_at"/>
            <ignoreColumn column="create_at"/>
        </table>

        <table tableName="tb_cust_certificate" domainObjectName="CustCertificate"
               selectByExampleQueryId="false">
            <generatedKey column="cust_certificate_id" sqlStatement="MySql" identity="true" />
            <ignoreColumn column="update_at"/>
            <ignoreColumn column="create_at"/>
        </table>

        <table tableName="tb_cust_contact" domainObjectName="CustContact"
               selectByExampleQueryId="false">
            <ignoreColumn column="update_at"/>
            <ignoreColumn column="create_at"/>
        </table>

        <table tableName="tb_cust_credits" domainObjectName="CustCredits"
               selectByExampleQueryId="false">
            <ignoreColumn column="update_at"/>
            <ignoreColumn column="create_at"/>
        </table>

        <table tableName="tb_cust_credits_history" domainObjectName="CustCreditsHistory"
               selectByExampleQueryId="false">
            <ignoreColumn column="update_at"/>
            <ignoreColumn column="create_at"/>
        </table>
    </context>


    <context id="b2b_5.merchandise" targetRuntime="MyBatis3">
        <plugin type="org.mybatis.generator.plugins.MapperAnnotationPlugin" />
        <plugin type="org.mybatis.generator.plugins.SerializablePlugin" />

        <jdbcConnection driverClass="com.mysql.jdbc.Driver"
                        connectionURL="jdbc:mysql://localhost:3307/b2b_5?autoReconnect=true&amp;useUnicode=true&amp;characterEncoding=utf-8&amp;zeroDateTimeBehavior=convertToNull&amp;useSSL=false"
                        userId="root"
                        password="Root.123" />

        <javaTypeResolver>
            <property name="forceBigDecimals" value="false" />
        </javaTypeResolver>

        <javaModelGenerator targetPackage="com.jzt.b2b.merchandise2.model"
                            targetProject="../b2b-crm-contract/src/main/java">
            <property name="enableSubPackages" value="true" />
        </javaModelGenerator>

        <sqlMapGenerator targetPackage="com.jzt.b2b.merchandise2.dao.conf"
                         targetProject="src/main/java">
            <property name="enableSubPackages" value="true" />
        </sqlMapGenerator>

        <javaClientGenerator targetPackage="com.jzt.b2b.merchandise2.dao"
                             targetProject="src/main/java"
                             type="XMLMAPPER">
            <property name="enableSubPackages" value="true" />
            <property name="methodNameCalculator" value="extended" />
        </javaClientGenerator>

        <table tableName="tb_merchandise" domainObjectName="Merchandise"
               selectByExampleQueryId="false">
            <generatedKey column="merchandise_id" sqlStatement="MySql" identity="true" />
            <ignoreColumn column="update_at"/>
            <ignoreColumn column="create_at"/>
        </table>

        <table tableName="tb_merchandise_ext" domainObjectName="MerchandiseExt"
               selectByExampleQueryId="false">
            <ignoreColumn column="update_at"/>
            <ignoreColumn column="create_at"/>
        </table>

        <table tableName="tb_merchandise_storage" domainObjectName="MerchandiseStorage"
               selectByExampleQueryId="false">
            <ignoreColumn column="update_at"/>
            <ignoreColumn column="create_at"/>
        </table>
    </context>


    <context id="b2b_5.order" targetRuntime="MyBatis3">
        <plugin type="org.mybatis.generator.plugins.MapperAnnotationPlugin" />
        <plugin type="org.mybatis.generator.plugins.SerializablePlugin" />

        <jdbcConnection driverClass="com.mysql.jdbc.Driver"
                        connectionURL="jdbc:mysql://localhost:3307/b2b_5?autoReconnect=true&amp;useUnicode=true&amp;characterEncoding=utf-8&amp;zeroDateTimeBehavior=convertToNull&amp;useSSL=false"
                        userId="root"
                        password="Root.123" />

        <javaTypeResolver>
            <property name="forceBigDecimals" value="false" />
        </javaTypeResolver>

        <javaModelGenerator targetPackage="com.jzt.b2b.order2.model"
                            targetProject="../b2b-crm-contract/src/main/java">
            <property name="enableSubPackages" value="true" />
        </javaModelGenerator>

        <sqlMapGenerator targetPackage="com.jzt.b2b.order2.dao.conf"
                         targetProject="src/main/java">
            <property name="enableSubPackages" value="true" />
        </sqlMapGenerator>

        <javaClientGenerator targetPackage="com.jzt.b2b.order2.dao"
                             targetProject="src/main/java"
                             type="XMLMAPPER">
            <property name="enableSubPackages" value="true" />
            <property name="methodNameCalculator" value="extended" />
        </javaClientGenerator>

        <table tableName="tb_order_cart" domainObjectName="Cart"
               selectByExampleQueryId="false">
            <generatedKey column="cart_id" sqlStatement="MySql" identity="true" />
            <ignoreColumn column="update_at"/>
            <ignoreColumn column="create_at"/>
        </table>

        <table tableName="tb_order_detail" domainObjectName="OrderDetail"
               selectByExampleQueryId="false">
            <generatedKey column="order_detail_id" sqlStatement="MySql" identity="true" />
            <ignoreColumn column="update_at"/>
            <ignoreColumn column="create_at"/>
        </table>

        <table tableName="tb_order_main" domainObjectName="OrderMain"
               selectByExampleQueryId="false">
            <generatedKey column="order_id" sqlStatement="MySql" identity="true" />
            <ignoreColumn column="update_at"/>
            <ignoreColumn column="create_at"/>
        </table>

        <table tableName="tb_order_send" domainObjectName="OrderSend"
               selectByExampleQueryId="false">
            <generatedKey column="send_id" sqlStatement="MySql" identity="true" />
            <ignoreColumn column="update_at"/>
            <ignoreColumn column="create_at"/>
        </table>

        <table tableName="tb_order_split" domainObjectName="OrderSplit"
               selectByExampleQueryId="false">
            <generatedKey column="split_id" sqlStatement="MySql" identity="true" />
            <ignoreColumn column="update_at"/>
            <ignoreColumn column="create_at"/>
        </table>
    </context>
    -->
</generatorConfiguration>
